CREATE DATABASE  IF NOT EXISTS `ideabox` /*!40100 DEFAULT CHARACTER SET utf8 */;
USE `ideabox`;
-- MySQL dump 10.13  Distrib 5.6.13, for Win32 (x86)
--
-- Host: localhost    Database: ideabox
-- ------------------------------------------------------
-- Server version	5.6.17

/*!40101 SET @OLD_CHARACTER_SET_CLIENT=@@CHARACTER_SET_CLIENT */;
/*!40101 SET @OLD_CHARACTER_SET_RESULTS=@@CHARACTER_SET_RESULTS */;
/*!40101 SET @OLD_COLLATION_CONNECTION=@@COLLATION_CONNECTION */;
/*!40101 SET NAMES utf8 */;
/*!40103 SET @OLD_TIME_ZONE=@@TIME_ZONE */;
/*!40103 SET TIME_ZONE='+00:00' */;
/*!40014 SET @OLD_UNIQUE_CHECKS=@@UNIQUE_CHECKS, UNIQUE_CHECKS=0 */;
/*!40014 SET @OLD_FOREIGN_KEY_CHECKS=@@FOREIGN_KEY_CHECKS, FOREIGN_KEY_CHECKS=0 */;
/*!40101 SET @OLD_SQL_MODE=@@SQL_MODE, SQL_MODE='NO_AUTO_VALUE_ON_ZERO' */;
/*!40111 SET @OLD_SQL_NOTES=@@SQL_NOTES, SQL_NOTES=0 */;

--
-- Table structure for table `question`
--

DROP TABLE IF EXISTS `question`;
/*!40101 SET @saved_cs_client     = @@character_set_client */;
/*!40101 SET character_set_client = utf8 */;
CREATE TABLE `question` (
  `questionid` int(10) unsigned NOT NULL AUTO_INCREMENT,
  `type` int(11) NOT NULL DEFAULT '0',
  `content` varchar(255) NOT NULL,
  `choice` varchar(255) DEFAULT '',
  PRIMARY KEY (`questionid`)
) ENGINE=InnoDB AUTO_INCREMENT=114 DEFAULT CHARSET=utf8;
/*!40101 SET character_set_client = @saved_cs_client */;

--
-- Dumping data for table `question`
--

LOCK TABLES `question` WRITE;
/*!40000 ALTER TABLE `question` DISABLE KEYS */;
INSERT INTO `question` VALUES (1,0,'您的性别？','男|女'),(2,0,'您是几年级？','大一|大二|大三|大四'),(3,0,'您是文科还是理科','文科|理科|其他学科'),(4,0,'你目前的恋爱状态是？','正在恋爱|有喜欢的人|曾经谈过恋爱|没有喜欢的对象，且不打算在大学期间恋爱'),(5,0,'你赞成大学生谈恋爱吗 ?','赞成|不赞成|没有看法'),(6,1,'你认为谈恋爱的动机是？','受到同学的影响|对方的追求|喜欢上对方|弥补内心空虚、寻找精神寄托|真心寻找另一半|证明自身的价值和魅力|家人的意愿'),(7,0,'你对校园的情侣有何看法? ','羡慕|嫉妒|讽刺|其他'),(8,0,'您认为由恋爱而产生的开销由谁负责','大部分由男方|大部分由女方|AA|视双方家庭经济状况而定|两个人的钱不分你我，共同花'),(9,0,'你认为金钱对你的恋爱影响程度？','有很大影响|一般，但是不能没有|没什么影响'),(10,1,'您选择男（女）朋友的首要考虑因素是什么？','外表和气质|性格和品行|成绩，能力突出|家庭背景|有共同的兴趣爱好|能够真心实意地对待自己'),(11,3,'您的恋爱观是？',''),(12,0,'您的年龄是？','18岁及以|19到30岁|31到40岁|41岁以上'),(13,2,'您是否经常网购？',''),(14,0,'您的月平均可支配收入（生活费）？','[0,1000]|[1000,2000]|[2000,3000]|[3000,4000]|[4000,5000]|5000以上'),(15,2,'您参加过团购吗？ ',''),(16,0,'您经常参与哪个价格区间的团购？','100元以下|100到200元|200到500元|500以上'),(17,0,'您平均每个月团购次数有多少？','两次及以下|三到五次|六次到九次|十次及以上'),(18,0,'您每月在团购上投入多少？','100元以下|100到500元|500到1000元|1000以上'),(19,2,'您是否能够便捷的获取团购信息？',''),(20,1,'您选择团购的最主要原因是','服务或产品质量与描述无差异|周围朋友经常团购|价格优惠|种类丰富|购买便利|支付方便， 可以用虚拟钱包不用现金'),(21,1,'您团购时最担心的是什么？ ','店家服务差|商品保质期将至|描述不符'),(22,3,'您所期待的团购折扣力度是多少？（%）',''),(23,3,'您认为团购未来需要有哪些改进？',''),(24,2,'您是否使用过充电宝 ',''),(25,1,'您会通过下列哪个方式购买','实体店|天猫|京东|苏宁|国美|亚马逊|易讯|其他'),(26,1,'您喜欢的充电宝的颜色是','白色|灰色|橙色|银色|黑色|粉红|浅绿|其他'),(27,0,'您喜欢的充电宝的形状是','长方形|正方形|圆形|椭圆形|其他'),(28,0,'您喜欢的充电宝的边角是','垂直|弧形|其它'),(29,1,'您喜欢的充电宝的扩充功能是','照明|太阳能充电|MP3|音响|其他'),(30,0,'您喜欢的充电宝的价格是','50元以下|50-80元|81-100元|101-120元|121-150元|151-200元|200元以上'),(31,0,'您到过与农业有关的旅游景点游览过吗？','没有|偶尔|经常'),(32,0,'若去过，感觉怎么样？',' 收到预期效果，很开心|B一般，和其他旅游方式没什么区别| 不很成熟，需改善|没意思，不会再去'),(33,1,'当初吸引您去那个农业观光场所的因素有哪些？','环境优美|可以体验农家乐趣|距离家近、消费不高|农业知识教育意义|其他'),(34,1,'您是通过哪些方式了解到农业旅游信息的？','亲友介绍|报刊、杂志|电视|广播|网络|旅游宣传手册|旅行社'),(35,1,'您知道以下哪些农业旅游形式？','农家乐|采摘园|观光农业|民俗文化村|度假村'),(36,1,'您喜欢哪些方式的农业旅游？','休闲娱乐|文化熏陶|农事体验|度假休养|农业观光'),(37,1,'您觉得现有的旅游观光农业更应注重哪方面？','方便来去交通|扩宽农业园信息传播渠道|置办一些辅助产业和游乐设施，如农家乐餐饮|美化周边环境|其他'),(38,1,'您进行农业旅游是想？','回归自然，参与农事活动|体验农村生活，获取知识，增长见识|康体养生、休闲放松|躲避工作生活烦扰|增进亲情友谊|其他'),(39,0,'你有没有通过互联网网购过这类休闲农业旅游活动？','没有|偶尔|经常|总是'),(40,0,'您的微信微博有没有关注过休闲农业的相关信息？','很少关注|经常关注|从不关注'),(41,3,'除了目前的网购形式，你认为还可以运用哪些互联网形式发展休闲农业？',''),(42,0,'您的身份是？','中学生|大学生|研究生|专科生|工作人士|其他'),(43,3,'学校以及专业？（已工作请填毕业学校和专业） ',''),(44,0,'所在年级成绩？  ','不太好|中等|中上|佼佼者'),(45,1,'是否有出国留学计划以及未来职业规划？','有出国留学计划|对未来有较好的职业规划|对未来还处于迷茫期|其他'),(46,3,'家乡所在省份？ ',''),(47,0,'家乡所在地','城市|农村'),(48,3,'工作或学习所在省份？',''),(49,2,'是否知道网易公开课(或类似的网络公开课，下同)？  ',''),(50,2,'是否使用过网易公开课？',''),(51,2,'是否知道MOOC？ ',''),(52,2,'是否使用过MOOC平台？ ',''),(53,0,'你是什么时候开始接触文言文的？','学前|小学|初中'),(54,0,'你对文言文的第一印象是怎样的？','很容易|一般|有点难|看不懂'),(55,0,'你在课余时间会不会主动阅读课外的文言文作品？','经常读|偶尔读一些|从来不读'),(56,0,'你喜欢学习文言文吗？','非常喜欢|喜欢|一般|不喜欢'),(57,0,'你喜欢你的文言文课堂吗？','非常喜欢|喜欢|一般|不喜欢'),(58,1,'如果不喜欢文言文课堂，原因是什么','课堂气氛枯燥乏味|文言文内容深奥|文言文语言晦涩|背诵课文很困难|文言文远离实际生活'),(59,0,'通过学习文言文，你有没有得到启发或感悟？','很多|一般|一点儿|根本没有'),(60,0,'在老师讲文言文之前，你是否预习课文？','预习|偶尔预习|不预习'),(61,0,'学习文言文时，你常用哪种学习方式？','自读课文看译文，完成练习|小组合作，老师点拨|老师讲解，学生听记|老师讲解与学生自己学习相结合|听说读演写仿等多种形式结合|其他'),(62,0,'你学习文言文的情况如何？','很好|较好|一般|较差'),(63,3,'请谈谈你学习古文的方法或窍门。',''),(64,3,'请谈谈你学习古文的方法或窍门。',''),(65,0,'您每月基本生活费？','500元以下|500-800元|800-1200元|1200元以上'),(66,0,'您对“空调进高校”政策态度如何？','很欢迎|欢迎|可有可无|不欢迎'),(67,0,'空调进宿舍后您在宿舍的时间有无变化？','更多|较多|基本无影响|较少|更少'),(68,1,'使用空调至今有无以下原因产生分歧？','不会产生问题|室友关系|温度问题|开机时间问题|电费问题|其他'),(69,0,'您们的采取何种方式支付空调费用？','平均分担|室友自愿适当多分担|不愿分担|其他'),(70,0,'关于国家向特困生进行空调费用补助您的态度？','支持|无所谓|反对|不知情'),(71,0,'您所能接受的调费用为每人每月多少元？','20元以下|20—40元|40—60元|60元以上'),(72,0,'您担心宿舍安装空调后会滋生享乐的心理吗？','担心|不担心|无所谓'),(73,0,'您认为我们自己会因宿舍空调的使用从而引起空调病吗?','不会|会|可能|不确定|不了解空调病'),(74,0,'宿舍空调是否应该采用分时段供电?','应该|不应该|无所谓'),(75,0,'在使用空调的过程中,会不会因为擅自使用其它大功率电器而造成用电安全隐患?','会|不会|可能'),(76,3,'您对“空调进高校”目前执行的政策的建议和意见：',''),(77,1,'您所在的地区秸秆主要有哪些 ?','水稻秸秆|玉米秸秆|小麦秸秆|大豆秸秆|棉花秸秆|其他'),(78,1,'您或您所在地区的秸秆主要处理方式有哪些 ?','秸秆还田|田间焚烧|秸秆制饲料|秸秆栽培食用菌|秸秆气化（固化成型）作燃料|秸秆制沼气|秸秆造纸|秸秆做建材、轻工、纺织原料|其他'),(79,0,'您对您所在地区秸秆处理方式满意吗 ?','非常满意|比较满意|不满意'),(80,0,'您对当地处理秸秆焚烧问题的政策了解吗 ?','了解|知道有，但不清楚具体内容|完全不了解'),(81,0,'您认为农民将秸秆田间焚烧的主要原因是 ','处理起来方便|没有处理的场所途径|为了节省成本|不了解秸秆的其他用途|其他'),(82,0,'您认为秸秆直接焚烧有哪些危害 ','污染空气，危害人体健康|引发火灾，威胁群众的生命财产安全|破坏土壤结构，造成农田质量下降|使道路能见度降低，影响交通安全|其他'),(83,0,'当地政府对秸秆的综合利用有没有政策支持和经济补贴 ','有|没有|不清楚'),(84,0,'您所在的地区是否有回收利用秸秆的企业 ','有|没有|不清楚'),(85,1,'您认为秸秆的综合利用无法广泛普及的原因有 ','资金投入大，成本回收慢|政府的推广宣传力度不够|对日常生产生活的帮助不够|缺乏对农民、企业的经济补贴|秸秆综合利用规模化，工业化程度低|其他'),(86,0,'你对秸秆的合理环保处理的前景怎么看 ','前景非常乐观|不是很看好|非常不看好，没有发展前景'),(87,3,'你觉得怎样才能彻底解决秸秆焚烧问题',''),(88,0,'您最常使用什么交通工具去影城看电影','公交车|出租车|自行车|摩托车|私家车|步行'),(89,0,'请问您现在的住房情况是？','住单位宿舍|租房住|有自己的住房（普通小区）|有自己的住房（高档小区）'),(90,0,'请问您家到马鞍山万达影城（雨山区太白大道与钟山路交汇处）的距离是？ ','500米|1公里内|2公里内|3公里内|5公里内|10公里内|10公里外'),(91,1,'以下哪些因素是您选择来影城看电影动机','约会或聚会需要|一种休闲习惯|新片上映|观影环境吸引|影院价格便宜'),(92,1,'您主要从下面哪个渠道了解到电影讯息','报纸宣传|户外广告|电台|本地网站宣传|朋友介绍|彩信或短信|时光网|豆瓣网|通过万达官网或微博|微信'),(93,0,'您看电影的频率约为多久一次？','有新片上映即看|每周1-2次|每月1-2次|三个月以上，偶尔看'),(94,0,'当您决定去影院看电影，通常习惯于选择哪个时段？ ','12:00以前|12:00-15:00|15:00-19:00|19:00-22:00|22:00以后'),(95,0,'首选哪种类型的电影？','普通2D|普通3D|巨幕|IMAX'),(96,1,'到电影院里除了看电影，您还需要哪些附加消费或服务？ * ','购买可乐、爆米花等小食品|购买电影衍生产品|参加影城推出的电影文化活动|享受不同级别的尊贵会员待遇|享受影城更多的联盟商家购物优惠'),(97,1,'您最喜欢的影片类型？','爆笑喜剧片|警匪*战片|动作科幻片|爱情文艺片|动画片|武侠功夫片|恐怖片|其他'),(98,1,'以下哪些因素最能吸引您选择某家影城观影？','地理位置、交通|影片价格|会员卡优惠|观影硬件设备|影院所在商圈氛围|影院的装修风格|影院餐饮部的食品口味|影院品牌口碑|工作人员素质及服务水平'),(99,1,'以下哪些优惠能够让您选择某家影城观影？','储值卡|打折卡|优惠券|团购|其他'),(100,3,'您最常去的一家电影院是？',''),(101,3,'您目前拥有哪些影院的会员卡？',''),(102,2,'您是否经常使用快递？',''),(103,0,'您一个学期使用快递的频率？','1-2次|3-5次|5-7次|8次以上'),(104,2,'您认为现在的快递收费是否合理？',''),(105,1,'您选用快递公司考虑的主要因素有哪些？','价格便宜|覆盖区域广|服务态度好|送货快捷|产品跟踪服务|货物安全送达'),(106,0,'网购中遇到下面的问题，哪个让你最无法接受','收货速度慢|运输过程中产品受损|收不到产品|退货难|快递服务差|遇到问题投诉无门'),(107,1,'您喜欢何种方式收发快递？','送货上门|指定地点接收|电话联系再接收'),(108,2,'您和快递公司合作过程中有过不愉快的经历么？',''),(109,2,'您是否愿意为了更好的物流服务而增加一定的运费？',''),(110,1,'认为物流需要改进的地方是？','网络覆盖|节假日配送|产品安全性|工作人员态度|价格|信息保密|人性化服务|配送速度|其他'),(111,0,'你的性别','男|女'),(112,1,'以下谁是北航校花','付鹏|李旭|王一潇|如花'),(113,0,'谁是北航校花？','李旭|王一潇|付鹏');
/*!40000 ALTER TABLE `question` ENABLE KEYS */;
UNLOCK TABLES;

--
-- Table structure for table `questionnaire`
--

DROP TABLE IF EXISTS `questionnaire`;
/*!40101 SET @saved_cs_client     = @@character_set_client */;
/*!40101 SET character_set_client = utf8 */;
CREATE TABLE `questionnaire` (
  `QID` bigint(32) unsigned NOT NULL AUTO_INCREMENT,
  `investID` bigint(32) NOT NULL DEFAULT '-1',
  `title` varchar(255) NOT NULL,
  `subject` varchar(255) NOT NULL,
  `description` varchar(255) DEFAULT NULL,
  `content` varchar(255) NOT NULL,
  `usernum` int(11) DEFAULT '1',
  `ipnum` int(11) DEFAULT '1',
  `anonymous` int(11) DEFAULT '1',
  `isavailable` int(11) DEFAULT '1',
  `createdate` datetime DEFAULT NULL,
  `lasteditdate` datetime DEFAULT NULL,
  `deletedate` datetime DEFAULT NULL,
  `iscreated` int(11) DEFAULT '1',
  `iseditable` int(11) DEFAULT '1',
  `isreleased` int(11) DEFAULT '0',
  `isclosed` int(11) DEFAULT '0',
  PRIMARY KEY (`QID`)
) ENGINE=InnoDB AUTO_INCREMENT=12 DEFAULT CHARSET=utf8;
/*!40101 SET character_set_client = @saved_cs_client */;

--
-- Dumping data for table `questionnaire`
--

LOCK TABLES `questionnaire` WRITE;
/*!40000 ALTER TABLE `questionnaire` DISABLE KEYS */;
INSERT INTO `questionnaire` VALUES (2,-1,'当代大学生恋爱观调查问卷','恋爱婚姻','伴随着青春的脚步，爱情会悄悄降临到我们的身边。 大学时代，是一代骄子的黄金时代。在这个季节里，青春的萌动使我们开始涉足于另一个领域——恋爱。无论是甜蜜还是伤心，爱情更增添了我们丰富的人生经历。 然而什么是真正的爱情，我们又应该如何对待爱情、追求爱情，这将是我们每个大学生所要面对的问题。很多同学对恋爱的观点也不尽相同，当然没恋爱的同学也有他们自己的观点。现在，我们将进行调查倾听同学们的观点，并给予指导与反馈，希望同学们认真填写，谢谢','1|2|3|4|5|6|7|8|9|10|11',1,1,0,1,'2014-07-03 16:33:43','2014-07-03 16:34:03','2032-12-03 00:00:00',1,1,0,0),(3,-1,'网络团购对消费者行为影响的调查问卷','消费购物','  您好！为了了解目前网络团购对当代人的影响，我们特意策划了此次调查，此项调查匿名填写，我们承诺对您的填写结果完全保密，仅供论文研究需要，请不要有任何顾虑。请您认真阅读每一项问题并选择您认可的选项。您的意见对于我们非常重要，恳请您抽出一定时间，根据您的真实感受，如实给出您认为合适的选项，非常感谢您的支持与配合！对于您的合作，在百忙之中填写这份问卷，我们再次表示感谢！','1|12|13|14|15|16|17|18|19|20|21|22|23',2,2,1,1,'2014-07-03 16:33:43','2014-07-17 16:34:03','2032-12-03 00:00:00',1,1,0,0),(4,-1,'充电宝需求调查问卷','市场调查','您好！此次问卷调查关于亲对充电宝的一些看法。调查是匿名形式的，我们绝对不会泄露您的隐私，请放心作答。','1|12|24|25|26|27|28|29|30',2,2,0,1,'2014-07-27 16:33:43','2014-07-30 16:34:03','2032-12-03 00:00:00',1,1,0,0),(5,-1,'休闲农业旅游调查问卷','旅游休闲','您好！我们是山东大学的学生，目前致力于休闲农业发展商业模式问题的调查研究。我们期望通过本次调查来探索现有的农业观光旅游现状和存在的问题，进而为休闲农业的发展提供可行性参考和建议。本次调查是以匿名的形式进行，您的回答将处于保密状态，本调查问卷将花3～5分钟完成。请您认真阅读问卷中的每一道题目并根据实际情况填写或选择。您的回答对我们的调查研究很重要，非常感谢您参与本次调查！','12|31|32|33|34|35|36|37|38|39|40|41',100,100,1,1,'2014-07-04 14:13:57','2014-07-27 14:13:59','2014-07-31 14:14:17',1,1,0,0),(6,0,'关于MOOC的调查问卷','教育学习',' 我们是浙江财经大学的学生，感谢您在百忙之中抽空回答我们的问题。随着网络科技的高速发展，各种网络公开课层出不穷。为了了解当今社会尤其是大学生对网络公开课和MOOC的看法，我们设计了这份问卷。请您根据自己的实际情况及真实想法填写问卷，您提供的所有信息都将对我们的分析工作产生重要影响。谢谢！','1|42|43|44|45|46|47|48|49|50|51|52',100,100,1,1,'2014-07-04 14:13:57','2014-07-04 14:13:57','2032-12-03 00:00:00',1,1,0,0),(7,0,'中考和初中文言文教学的研究','教育学习','亲爱的同学们:','53|54|55|56|57|58|59|60|61|62|63|64',2,2,1,1,'2014-07-03 16:33:43','2014-07-17 16:34:03','2032-12-03 00:00:00',1,1,0,0),(8,0,' “空调进宿舍”暑期实践问卷调查 ','意见调查','亲爱的伙伴们：','1|65|66|67|68|69|70|71|72|73|74|75|76',1,1,0,1,'2014-07-03 16:33:43','2014-07-03 16:34:03','2032-12-03 00:00:00',1,1,0,0),(9,0,'农村秸秆综合利用现状调查问卷','环境保护',' 您好！','77|78|79|80|81|82|83|84|85|86|87',2,2,1,1,'2014-07-03 16:33:43','2014-07-17 16:34:03','2032-12-03 00:00:00',1,1,0,0),(10,1,'马鞍山万达影城顾客观影需求调查表','市场调查','马鞍山万达影城顾客观影需求调查表','12|14|88|89|90|91|92|93|94|95|96|97|98|99|100|101',2,2,1,1,'2014-07-03 16:33:43','2014-07-17 16:34:03','2032-12-03 00:00:00',1,1,0,0),(11,1,' 电子商务下的物流服务质量调查问卷 ','市场调查',' 电子商务下的物流服务质量调查问卷 ','1|12|102|103|104|105|106|107|108|109|110',100,100,0,1,'2014-07-27 16:33:43','2014-07-30 16:34:03','2032-12-03 00:00:00',1,1,0,0);
/*!40000 ALTER TABLE `questionnaire` ENABLE KEYS */;
UNLOCK TABLES;

--
-- Table structure for table `result`
--

DROP TABLE IF EXISTS `result`;
/*!40101 SET @saved_cs_client     = @@character_set_client */;
/*!40101 SET character_set_client = utf8 */;
CREATE TABLE `result` (
  `qid` int(11) NOT NULL,
  `result` varchar(255) NOT NULL,
  `uid` int(11) DEFAULT NULL,
  `ip` varchar(255) DEFAULT NULL,
  `rid` int(11) NOT NULL AUTO_INCREMENT,
  `createdate` datetime DEFAULT NULL,
  PRIMARY KEY (`rid`)
) ENGINE=InnoDB AUTO_INCREMENT=42 DEFAULT CHARSET=utf8;
/*!40101 SET character_set_client = @saved_cs_client */;

--
-- Dumping data for table `result`
--

LOCK TABLES `result` WRITE;
/*!40000 ALTER TABLE `result` DISABLE KEYS */;
INSERT INTO `result` VALUES (2,'A|C|B|A|A|B,D,G|C|B|A|A,C|我的恋爱观是非常严肃的，任何不以结婚为目的的谈恋爱都得死！！！',-1,'127.0.0.1',1,NULL),(4,'B|D|0|D,F,G,H|F|D|B|D,E|G',1,'127.0.0.1',4,NULL),(4,'A|A|1|B,C|C,D|D|A|B|C',1,'127.0.0.1',5,NULL),(4,'A|A|1|C,D|C,D|D|A|B|D',1,'127.0.0.1',6,NULL),(4,'A|B|0|D|B|D|A|C|F',1,'127.0.0.1',7,NULL),(4,'A|A|0|D|A|A|A|C|C',1,'127.0.0.1',8,NULL),(4,'B|A|0|B|A|B|C|A|E',1,'127.0.0.1',9,NULL),(4,'B|A|0|C|A|A|B|B|E',1,'127.0.0.1',10,NULL),(4,'B|A|0|C|A|A|B|B|E',1,'127.0.0.1',11,NULL),(4,'B|A|0|C|A|A|B|B|E',1,'127.0.0.1',12,NULL),(4,'B|A|0|C|A|A|B|B|E',1,'127.0.0.1',13,NULL),(4,'B|A|0|C|A|A|B|B|E',1,'127.0.0.1',14,NULL),(4,'B|A|0|C|A|A|B|B|E',1,'127.0.0.1',15,NULL),(4,'B|A|0|C|A|A|B|B|E',1,'127.0.0.1',16,NULL),(4,'B|A|0|C|A|A|B|B|E',1,'127.0.0.1',17,NULL),(4,'B|A|0|C|A|A|B|B|E',1,'127.0.0.1',18,NULL),(4,'B|A|0|C|A|A|B|B|E',1,'127.0.0.1',19,NULL),(4,'B|A|0|C|A|A|B|B|E',1,'127.0.0.1',20,NULL),(5,'B|C|A|B|D|D|C|C|B|B|B|通过互联网社区来提交休闲农业反馈。',1,'127.0.0.1',21,NULL),(5,'B|C|A|B|D|D|C|C|B|B|B|通过互联网社区来提交休闲农业反馈。',1,'127.0.0.1',22,NULL),(4,'A|B|0|B|D|B|C|A|C',1,'127.0.0.1',23,NULL),(5,'A|A|C|C|B|B|A|A|A|B|A|旅游',-1,'127.0.0.1',24,NULL),(5,'A|A|C|C|B|B|A|A|A|B|A|旅游',-1,'127.0.0.1',25,NULL),(5,'A|A|C|C|B|B|A|A|A|B|A|旅游',-1,'127.0.0.1',26,NULL),(5,'A|A|C|C|B|B|A|A|A|B|A|旅游',-1,'127.0.0.1',27,NULL),(5,'A|A|C|C|B|B|A|A|A|B|A|旅游',-1,'127.0.0.1',28,NULL),(7,'A|A|A|A|A|A|A|A|A|A|多读多看|多读多看',-1,'127.0.0.1',29,NULL),(5,'C|B|B|C|B|D|C|D|E|C|B|建立休闲农业的信息系统',9,'127.0.0.1',33,NULL),(5,'|B|B|B|B|B|B|B|B|B|B|建立休闲农业互联网社区',9,'127.0.0.1',34,NULL),(5,'B|B|B|B|B|B|B|B|B|B|B|建立休闲农业互联网社区',9,'127.0.0.1',35,NULL),(5,'B|B|B|B|B|B|B|B|B|B|B|建立休闲农业互联网社区',9,'127.0.0.1',36,NULL),(5,'B|B|B|B|B|B|B|B|B|B|B|建立休闲农业互联网社区',9,'127.0.0.1',37,NULL),(5,'B|B|B|B|B|B|B|B|B|B|B|建立休闲农业互联网社区',9,'127.0.0.1',38,NULL),(5,'B|B|B|B|B|B|B|B|B|B|B|建立休闲农业互联网社区',9,'127.0.0.1',39,NULL),(2,'B|A|B|B|B|B|A|B|A|B|随缘',1,'127.0.0.1',40,NULL),(2,'A|A|C|C|B|C|B|B|B|C|你猜',9,'127.0.0.1',41,NULL);
/*!40000 ALTER TABLE `result` ENABLE KEYS */;
UNLOCK TABLES;

--
-- Table structure for table `user`
--

DROP TABLE IF EXISTS `user`;
/*!40101 SET @saved_cs_client     = @@character_set_client */;
/*!40101 SET character_set_client = utf8 */;
CREATE TABLE `user` (
  `uid` int(10) unsigned NOT NULL AUTO_INCREMENT,
  `username` varchar(255) NOT NULL,
  `password` varchar(255) NOT NULL,
  `email` varchar(255) NOT NULL,
  `age` int(10) unsigned NOT NULL,
  `gender` varchar(255) NOT NULL,
  `birthdate` datetime DEFAULT NULL,
  `createdate` datetime DEFAULT NULL,
  PRIMARY KEY (`uid`)
) ENGINE=InnoDB AUTO_INCREMENT=15 DEFAULT CHARSET=utf8;
/*!40101 SET character_set_client = @saved_cs_client */;

--
-- Dumping data for table `user`
--

LOCK TABLES `user` WRITE;
/*!40000 ALTER TABLE `user` DISABLE KEYS */;
INSERT INTO `user` VALUES (1,'gzc','123456','gzc1@test.com',20,'male',NULL,NULL),(2,'wa','wa','wa@121.com',2,'male',NULL,NULL),(3,'1','1','1@1.com',1,'female',NULL,NULL),(4,'2','2','2@2.com',2,'female',NULL,NULL),(5,'3','3','3@3.com',3,'male',NULL,NULL),(6,'4','4','4@4.com',4,'female',NULL,NULL),(7,'5','5','5@5.com',5,'female',NULL,NULL),(8,'sdf','3','54@23.com',3,'female',NULL,NULL),(9,'t','t','t@t.com',3,'female',NULL,NULL),(10,'7654321','123456','123456@qq.com',19,'male',NULL,NULL),(11,'gzc1','123456','gzc1@agutong.com',35,'male',NULL,NULL),(12,'22','33','666@66.com',22,'male',NULL,NULL),(13,'88','88','8@88.com',8,'male',NULL,NULL),(14,'gzc2','123456','gzc2@test.com',0,'male',NULL,NULL);
/*!40000 ALTER TABLE `user` ENABLE KEYS */;
UNLOCK TABLES;
/*!40103 SET TIME_ZONE=@OLD_TIME_ZONE */;

/*!40101 SET SQL_MODE=@OLD_SQL_MODE */;
/*!40014 SET FOREIGN_KEY_CHECKS=@OLD_FOREIGN_KEY_CHECKS */;
/*!40014 SET UNIQUE_CHECKS=@OLD_UNIQUE_CHECKS */;
/*!40101 SET CHARACTER_SET_CLIENT=@OLD_CHARACTER_SET_CLIENT */;
/*!40101 SET CHARACTER_SET_RESULTS=@OLD_CHARACTER_SET_RESULTS */;
/*!40101 SET COLLATION_CONNECTION=@OLD_COLLATION_CONNECTION */;
/*!40111 SET SQL_NOTES=@OLD_SQL_NOTES */;

-- Dump completed on 2014-07-09 14:57:06
